stock_symbol,product_code
0050,"NY, SR"
0052,VH
0056,"PF, SS"
006205,OA
006206,OB
00636,OJ
00639,OK
00643,OO
00679B,RZ
00687B,UK
00719B,SI
00757,"UR, US"
00772B,SQ
00878,RI
00885,RX
00893,SG
00919,SM
00923,RY
00929,SN
00937B,UJ
00940,SU
1101,DF
1102,DY
1210,DZ
1216,CQ
1301,CF
1303,CA
1312,EE
1314,EG
1319,EH
1326,DG
1402,CR
1440,EK
1476,LW
1477,"KS, SC"
1503,UA
1504,EM
1513,SD
1536,OR
1560,EO
1565,"MY, OM"
1590,EP
1605,CS
1608,VA
1609,RJ
1717,QO
1718,EY
1722,EZ
1795,SA
1802,KU
1904,QP
1905,SB
1907,QK
1909,OS
2002,CB
2006,FB
2014,FC
2027,FE
2049,"FF, QM"
2059,"FG, SV"
2105,FK
2201,FN
2231,OD
2301,FQ
2303,CC
2308,"FR, RV"
2312,FS
2313,FT
2317,DH
2323,CU
2324,CG
2327,"LX, QE"
2328,KW
2329,UX
2330,"CD, QF"
2331,FV
2332,FW
2337,DI
2338,QV
2340,FY
2344,FZ
2345,"OP, SE"
2347,GA
2352,CW
2353,DS
2354,GC
2355,MB
2356,LQ
2357,"DJ, QR"
2360,"MJ, VD"
2367,VB
2368,"RK, VG"
2371,CX
2376,"GH, SL"
2377,GI
2379,"GJ, QG"
2382,DK
2383,"PJ, SF"
2385,GK
2388,QW
2392,GL
2393,GM
2395,VI
2401,GN
2404,"GO, UZ"
2408,CY
2409,CH
2412,DL
2421,VC
2439,MK
2441,QT
2449,GR
2454,"DV, PU"
2455,GU
2457,GV
2458,GW
2474,GX
2481,GY
2485,GZ
2486,UT
2489,HA
2492,HB
2498,HC
2515,HH
2520,HI
2542,HL
2548,HO
2603,CZ
2605,HQ
2606,QC
2609,DA
2610,DB
2615,QX
2618,HS
2633,PG
2634,RC
2801,DC
2834,IA
2880,CJ
2881,CE
2882,CK
2883,LR
2884,DN
2885,DO
2886,CL
2887,CM
2890,DE
2891,CN
2892,DP
2913,IH
2915,DW
3005,SJ
3006,II
3008,"IJ, OL"
3017,"RA, UH"
3019,IM
3034,"IO, QH"
3035,IP
3036,IQ
3037,IR
3042,IT
3044,LB
3045,LC
3078,QQ
3081,OT
3105,"nan, QI"
3152,NB
3189,IX
3211,"NC, VJ"
3227,PA
3231,DX
3260,ND
3264,NE
3293,"PX, PY"
3324,"PT, UL"
3374,QL
3376,IY
3380,IZ
3406,"LE, QJ"
3443,"JB, RW"
3481,DQ
3529,"PI, RS"
3532,QD
3533,"JF, RF"
3552,OU
3653,"JM, RG"
3661,"UM, UO"
3665,"VE, VF"
3673,JN
3680,"SY, SZ"
3691,NG
3702,JP
3706,PS
3711,OZ
3714,QB
4123,NI
4128,RD
4162,PC
4736,PD
4743,RN
4904,LT
4919,RE
4938,JS
4958,LU
5009,NJ
5269,"PH, PN"
5274,"PZ, QA"
5347,NL
5371,NM
5388,RB
5425,PE
5457,PP
5483,NO
5534,JW
5871,LV
5876,UE
5880,LO
5904,"RP, RR"
6005,JX
6116,OE
6121,NQ
6139,"UB, VK"
6147,NS
6153,JZ
6173,PK
6176,KA
6182,PL
6188,UC
6213,KB
6223,"UV, UW"
6239,KC
6245,RO
6257,MQ
6269,LI
6271,KD
6274,OV
6278,KE
6279,OH
6282,KF
6285,KG
6290,UY
6414,OQ
6443,RL
6472,"UP, UQ"
6488,"OW, PB"
6505,UF
6510,"OX, OY"
6526,"UG, UI"
6547,QY
6669,"PV, PW"
6757,UU
6770,QZ
8039,KI
8044,NU
8046,"LY, QS"
8069,NV
8086,PR
8112,SK
8150,QU
8163,KK
8299,"NW, QN"
8358,PQ
8436,PM
9904,KL
9914,LM
9938,MV
9939,KO
9945,KP
9958,"RU, SW"
